Plant_Code,Site,Bee_Count,Treatment_Code,Mold,Insecticide,Sugar,Paint,julDate,julWeek,Month,Day,Time,min_day,Temp_F,Wind_mph,Conditions,Barometric,Humidity,BranchTemp1,BranchTemp2,BranchTemp3,AvgBranchTempF,AvgBranchTempC
A01,A,0,51,1,0,0,0,55,8,Feb,24,12:12:00 PM,732,75,2,Full Sun,28,24,81,76,77,78,25.6
A02,A,1,51,1,0,0,0,55,8,Feb,24,11:14:00 AM,674,73,1,Full Sun,28,29,75,79,79,77.7,25.4
A03,A,6,51,1,0,0,0,55,8,Feb,24,11:13:00 AM,673,72,1,Full Sun,28,27,79,77,76,77.3,25.2
A04,A,0,52,1,1,0,0,55,8,Feb,24,11:34:00 AM,694,73,1,Full Sun,28,29,76,73,73,74,23.3
A05,A,1,52,1,1,0,0,55,8,Feb,24,10:50:00 AM,650,72,1,Full Sun,28,27,79,72,72,74.3,23.5
A06,A,1,52,1,1,0,0,55,8,Feb,24,12:41:00 PM,761,75,2,Full Sun,28,24,74,72,70,72,22.2
A07,A,0,53,0,0,0,0,55,8,Feb,24,11:57:00 AM,717,73,1,Full Sun,28,25,70,74,78,74,23.3
A08,A,0,53,0,0,0,0,55,8,Feb,24,12:26:00 PM,746,75,2,Full Sun,28,24,72,65,75,70.7,21.5
A09,A,0,53,0,0,0,0,55,8,Feb,24,10:33:00 AM,633,72,1,Full Sun,28,27,69,67,68,68,20
A10,A,0,54,0,1,0,0,55,8,Feb,24,10:59:00 AM,659,72,1,Full Sun,28,27,70,73,70,71,21.7
A11,A,1,54,0,1,0,0,55,8,Feb,24,12:07:00 PM,727,73,1,Full Sun,28,25,78,78,77,77.7,25.4
A12,A,0,54,0,1,0,0,55,8,Feb,24,12:34:00 PM,754,75,2,Full Sun,28,24,77,70,81,76,24.4
A13,A,0,55,0,0,0,1,55,8,Feb,24,11:03:00 AM,663,72,1,Full Sun,28,27,74,76,68,72.7,22.6
A14,A,1,55,0,0,0,1,55,8,Feb,24,11:25:00 AM,685,73,1,Full Sun,28,29,80,71,73,74.7,23.7
A15,A,0,55,0,0,0,1,55,8,Feb,24,1:05:00 PM,785,75,2,Full Sun,28,24,73,74,77,74.7,23.7
A16,A,0,56,0,0,1,0,55,8,Feb,24,11:48:00 AM,708,73,1,Full Sun,28,25,75,75,79,76.3,24.6
A17,A,6,56,0,0,1,0,55,8,Feb,24,11:48:00 AM,708,73,1,Full Sun,28,25,76,81,74,77,25
A18,A,0,56,0,0,1,0,55,8,Feb,24,10:33:00 AM,633,72,1,Full Sun,28,27,79,79,76,78,25.6
A19,A,0,57,0,0,1,1,55,8,Feb,24,12:58:00 PM,778,75,2,Full Sun,28,24,75,75,76,75.3,24.1
A20,A,1,57,0,0,1,1,55,8,Feb,24,12:22:00 PM,742,75,2,Full Sun,28,24,77,75,79,77,25
A21,A,0,57,0,0,1,1,55,8,Feb,24,11:39:00 AM,699,73,1,Full Sun,28,25,70,69,72,70.3,21.3
C01,C,0,51,1,0,0,0,69,10,Mar,9,11:42:00 AM,702,78,1,Full Sun,29,16,78,79,75,77.3,25.2
C01,C,0,51,1,0,0,0,69,10,Mar,9,2:11:00 PM,851,81,1,Full Sun,29,13,,,,,
C02,C,1,51,1,0,0,0,69,10,Mar,9,1:19:00 PM,799,78,2,Full Sun,29,12,79,80,80,79.7,26.5
C02,C,0,51,1,0,0,0,69,10,Mar,9,11:13:00 AM,673,71,2,Full Sun,29,16,,,,,
C03,C,2,51,1,0,0,0,69,10,Mar,9,1:31:00 PM,811,78,2,Full Sun,29,12,85,83,83,83.7,28.7
C03,C,2,51,1,0,0,0,69,10,Mar,9,10:10:00 AM,610,72,1,Full Sun,29,17,,,,,
C04,C,0,52,1,1,0,0,69,10,Mar,9,1:52:00 PM,832,81,1,Full Sun,29,13,86,82,84,84,28.9
C04,C,0,52,1,1,0,0,69,10,Mar,9,10:56:00 AM,656,71,2,Full Sun,29,16,,,,,
C05,C,0,52,1,1,0,0,69,10,Mar,9,1:15:00 PM,795,78,2,Full Sun,29,12,79,76,94,83,28.3
C05,C,0,52,1,1,0,0,69,10,Mar,9,11:29:00 AM,689,78,1,Full Sun,29,16,,,,,
C06,C,0,52,1,1,0,0,69,10,Mar,9,10:35:00 AM,635,72,1,Full Sun,29,17,84,79,77,80,26.7
C06,C,0,52,1,1,0,0,69,10,Mar,9,2:10:00 PM,850,81,1,Full Sun,29,13,,,,,
C07,C,0,53,0,0,0,0,69,10,Mar,9,11:21:00 AM,681,78,1,Full Sun,29,16,79,75,74,76,24.4
C07,C,0,53,0,0,0,0,69,10,Mar,9,2:20:00 PM,860,81,1,Full Sun,29,13,,,,,
C08,C,0,53,0,0,0,0,69,10,Mar,9,1:13:00 PM,793,78,2,Full Sun,29,12,73,78,78,76.3,24.6
C08,C,0,53,0,0,0,0,69,10,Mar,9,11:20:00 AM,680,78,1,Full Sun,29,16,,,,,
C09,C,0,53,0,0,0,0,69,10,Mar,9,11:51:00 AM,711,78,2,Full Sun,29,13,75,73,71,73,22.8
C09,C,0,53,0,0,0,0,69,10,Mar,9,2:38:00 PM,878,81,1,Full Sun,29,13,,,,,
C10,C,0,54,0,1,0,0,69,10,Mar,9,1:38:00 PM,818,81,1,Full Sun,29,13,82,83,79,81.3,27.4
C10,C,0,54,0,1,0,0,69,10,Mar,9,10:31:00 AM,631,72,1,Full Sun,29,17,,,,,
C11,C,0,54,0,1,0,0,69,10,Mar,9,1:28:00 PM,808,78,2,Full Sun,29,12,77,79,82,79.3,26.3
C11,C,0,54,0,1,0,0,69,10,Mar,9,10:47:00 AM,647,71,2,Full Sun,29,16,,,,,
C12,C,1,54,0,1,0,0,69,10,Mar,9,10:54:00 AM,654,71,2,Full Sun,29,16,89,82,79,83.3,28.5
C12,C,0,54,0,1,0,0,69,10,Mar,9,2:00:00 PM,840,81,1,Full Sun,29,13,,,,,
C13,C,0,55,0,0,0,1,69,10,Mar,9,10:26:00 AM,626,72,1,Full Sun,29,17,80,74,74,76,24.4
C13,C,0,55,0,0,0,1,69,10,Mar,9,2:04:00 PM,844,81,1,Full Sun,29,13,,,,,
C14,C,0,55,0,0,0,1,69,10,Mar,9,10:19:00 AM,619,72,1,Full Sun,29,17,78,77,78,77.7,25.4
C14,C,0,55,0,0,0,1,69,10,Mar,9,2:30:00 PM,870,81,1,Full Sun,29,13,,,,,
C15,C,0,55,0,0,0,1,69,10,Mar,9,1:56:00 PM,836,81,1,Full Sun,29,13,86,81,82,83,28.3
C15,C,0,55,0,0,0,1,69,10,Mar,9,10:12:00 AM,612,72,1,Full Sun,29,17,,,,,
C16,C,0,56,0,0,1,0,69,10,Mar,9,1:23:00 PM,803,78,2,Full Sun,29,12,86,85,87,86,30
C16,C,0,56,0,0,1,0,69,10,Mar,9,11:06:00 AM,666,71,2,Full Sun,29,16,,,,,
C17,C,2,56,0,0,1,0,69,10,Mar,9,10:43:00 AM,643,72,1,Full Sun,29,17,83,79,77,79.7,26.5
C17,C,3,56,0,0,1,0,69,10,Mar,9,2:20:00 PM,860,81,1,Full Sun,29,13,,,,,
C18,C,0,56,0,0,1,0,69,10,Mar,9,10:25:00 AM,625,72,1,Full Sun,29,17,79,82,76,79,26.1
C18,C,3,56,0,0,1,0,69,10,Mar,9,2:39:00 PM,879,81,1,Full Sun,29,13,,,,,
C19,C,1,57,0,0,1,1,69,10,Mar,9,11:31:00 AM,691,78,1,Full Sun,29,16,83,82,83,82.7,28.2
C19,C,0,57,0,0,1,1,69,10,Mar,9,2:28:00 PM,868,81,1,Full Sun,29,13,,,,,
C20,C,1,57,0,0,1,1,69,10,Mar,9,1:44:00 PM,824,81,1,Full Sun,29,13,76,84,83,81,27.2
C20,C,2,57,0,0,1,1,69,10,Mar,9,11:04:00 AM,664,71,2,Full Sun,29,16,,,,,
C21,C,1,57,0,0,1,1,69,10,Mar,9,1:45:00 PM,825,81,1,Full Sun,29,13,84,77,72,77.7,25.4
C21,C,0,57,0,0,1,1,69,10,Mar,9,11:36:00 AM,696,78,1,Full Sun,29,16,,,,,
B01,B,0,51,1,0,0,0,75,11,Mar,15,12:22:00 PM,742,66,1,Cloudy (some shadow cast),29,48,68,71,68,69,20.6
B01,B,1,51,1,0,0,0,75,11,Mar,15,3:15:00 PM,915,69,1,Completly Cloudy (no Shadow),29,49,,,,,
B02,B,2,51,1,0,0,0,75,11,Mar,15,12:35:00 PM,755,72,1,Cloudy (some shadow cast),29,45,68,70,69,69,20.6
B02,B,2,51,1,0,0,0,75,11,Mar,15,2:32:00 PM,872,72,0,Completly Cloudy (no Shadow),29,44,,,,,
B03,B,0,51,1,0,0,0,75,11,Mar,15,12:25:00 PM,745,66,1,Cloudy (some shadow cast),29,48,68,69,68,68.3,20.2
B03,B,1,51,1,0,0,0,75,11,Mar,15,3:07:00 PM,907,69,1,Completly Cloudy (no Shadow),29,49,,,,,
B04,B,0,52,1,1,0,0,75,11,Mar,15,11:07:00 AM,667,64,0,Partly Cloudy (>50% sun),29,63,71,71,70,70.7,21.5
B04,B,0,52,1,1,0,0,75,11,Mar,15,3:35:00 PM,935,74,1,Cloudy (some shadow cast),29,45,,,,,
B05,B,0,52,1,1,0,0,75,11,Mar,15,12:05:00 PM,725,71,1,Partly Cloudy (>50% sun),29,48,70,70,69,69.7,20.9
B05,B,0,52,1,1,0,0,75,11,Mar,15,3:36:00 PM,936,74,1,Cloudy (some shadow cast),29,45,,,,,
B06,B,1,52,1,1,0,0,75,11,Mar,15,10:52:00 AM,652,64,0,Partly Cloudy (>50% sun),29,63,61,71,68,66.7,19.3
B06,B,0,52,1,1,0,0,75,11,Mar,15,3:00:00 PM,900,69,1,Completly Cloudy (no Shadow),29,49,,,,,
B07,B,2,53,0,0,0,0,75,11,Mar,15,11:56:00 AM,716,71,1,Partly Cloudy (>50% sun),29,48,70,72,71,71,21.7
B07,B,0,53,0,0,0,0,75,11,Mar,15,3:42:00 PM,942,74,1,Cloudy (some shadow cast),29,45,,,,,
B08,B,0,53,0,0,0,0,75,11,Mar,15,11:26:00 AM,686,71,1,Partly Cloudy (>50% sun),29,48,69,71,70,70,21.1
B08,B,1,53,0,0,0,0,75,11,Mar,15,3:25:00 PM,925,74,1,Cloudy (some shadow cast),29,45,,,,,
B09,B,0,53,0,0,0,0,75,11,Mar,15,11:40:00 AM,700,71,1,Partly Cloudy (>50% sun),29,48,70,70,71,70.3,21.3
B09,B,0,53,0,0,0,0,75,11,Mar,15,2:17:00 PM,857,72,0,Completly Cloudy (no Shadow),29,44,,,,,
B10,B,1,54,0,1,0,0,75,11,Mar,15,10:57:00 AM,657,64,0,Partly Cloudy (>50% sun),29,63,72,70,70,70.7,21.5
B10,B,0,54,0,1,0,0,75,11,Mar,15,2:54:00 PM,894,69,1,Completly Cloudy (no Shadow),29,49,,,,,
B11,B,0,54,0,1,0,0,75,11,Mar,15,11:58:00 AM,718,71,1,Partly Cloudy (>50% sun),29,48,67,68,69,68,20
B11,B,0,54,0,1,0,0,75,11,Mar,15,3:01:00 PM,901,69,1,Completly Cloudy (no Shadow),29,49,,,,,
B12,B,1,54,0,1,0,0,75,11,Mar,15,11:05:00 AM,665,64,0,Partly Cloudy (>50% sun),29,63,71,70,71,70.7,21.5
B12,B,0,54,0,1,0,0,75,11,Mar,15,2:25:00 PM,865,72,0,Completly Cloudy (no Shadow),29,44,,,,,
B13,B,0,55,0,0,0,1,75,11,Mar,15,12:13:00 PM,733,66,1,Cloudy (some shadow cast),29,48,71,72,73,72,22.2
B13,B,0,55,0,0,0,1,75,11,Mar,15,2:25:00 PM,865,72,0,Completly Cloudy (no Shadow),29,44,,,,,
B14,B,0,55,0,0,0,1,75,11,Mar,15,12:16:00 PM,736,66,1,Cloudy (some shadow cast),29,48,69,68,68,68.3,20.2
B14,B,0,55,0,0,0,1,75,11,Mar,15,2:19:00 PM,859,72,0,Completly Cloudy (no Shadow),29,44,,,,,
B15,B,0,55,0,0,0,1,75,11,Mar,15,12:08:00 PM,728,66,1,Cloudy (some shadow cast),29,48,71,73,72,72,22.2
B15,B,0,55,0,0,0,1,75,11,Mar,15,2:46:00 PM,886,72,0,Completly Cloudy (no Shadow),29,44,,,,,
B16,B,2,56,0,0,1,0,75,11,Mar,15,11:45:00 AM,705,71,1,Partly Cloudy (>50% sun),29,48,70,71,71,70.7,21.5
B16,B,2,56,0,0,1,0,75,11,Mar,15,3:08:00 PM,908,69,1,Completly Cloudy (no Shadow),29,49,,,,,
B17,B,1,56,0,0,1,0,75,11,Mar,15,11:28:00 AM,688,71,1,Partly Cloudy (>50% sun),29,48,70,70,70,70,21.1
B17,B,4,56,0,0,1,0,75,11,Mar,15,3:26:00 PM,926,74,1,Cloudy (some shadow cast),29,45,,,,,
B18,B,3,56,0,0,1,0,75,11,Mar,15,11:48:00 AM,708,71,1,Partly Cloudy (>50% sun),29,48,70,71,71,70.7,21.5
B18,B,0,56,0,0,1,0,75,11,Mar,15,3:18:00 PM,918,69,1,Completly Cloudy (no Shadow),29,49,,,,,
B19,B,4,57,0,0,1,1,75,11,Mar,15,11:14:00 AM,674,64,0,Partly Cloudy (>50% sun),29,63,68,68,68,68,20
B19,B,4,57,0,0,1,1,75,11,Mar,15,2:31:00 PM,871,72,0,Completly Cloudy (no Shadow),29,44,,,,,
B20,B,2,57,0,0,1,1,75,11,Mar,15,11:34:00 AM,694,71,1,Partly Cloudy (>50% sun),29,48,71,70,69,70,21.1
B20,B,8,57,0,0,1,1,75,11,Mar,15,2:51:00 PM,891,69,1,Completly Cloudy (no Shadow),29,49,,,,,
B21,B,1,57,0,0,1,1,75,11,Mar,15,11:14:00 AM,674,64,0,Partly Cloudy (>50% sun),29,63,68,68,69,68.3,20.2
B21,B,5,57,0,0,1,1,75,11,Mar,15,2:41:00 PM,881,72,0,Completly Cloudy (no Shadow),29,44,,,,,
A01,A,0,51,1,0,0,0,89,13,Mar,29,11:34:00 AM,694,67,2,Partly Cloudy (>50% sun),28,45,81,66,75,74,23.3
A01,A,0,51,1,0,0,0,89,13,Mar,29,3:00:00 PM,900,70,0,Partly Cloudy (>50% sun),28,35,,,,,
A02,A,1,51,1,0,0,0,89,13,Mar,29,10:35:00 AM,635,65,0,Partly Cloudy (>50% sun),28,43,75,65,67,69,20.6
A02,A,1,51,1,0,0,0,89,13,Mar,29,2:39:00 PM,879,70,0,Partly Cloudy (>50% sun),28,35,,,,,
A03,A,0,51,1,0,0,0,89,13,Mar,29,10:41:00 AM,641,65,0,Partly Cloudy (>50% sun),28,43,64,65,66,65,18.3
A03,A,0,51,1,0,0,0,89,13,Mar,29,2:01:00 PM,841,74,0,Partly Cloudy (>50% sun),28,41,,,,,
A04,A,1,52,1,1,0,0,89,13,Mar,29,11:19:00 AM,679,69,0,Cloudy (some shadow cast),28,41,69,70,65,68,20
A04,A,0,52,1,1,0,0,89,13,Mar,29,2:29:00 PM,869,71,1,Full Sun,28,40,,,,,
A05,A,0,52,1,1,0,0,89,13,Mar,29,1:52:00 PM,832,74,0,Partly Cloudy (>50% sun),28,41,59,64,58,60.3,15.7
A05,A,0,52,1,1,0,0,89,13,Mar,29,11:32:00 AM,692,69,0,Cloudy (some shadow cast),28,41,,,,,
A06,A,0,52,1,1,0,0,89,13,Mar,29,1:59:00 PM,839,74,0,Partly Cloudy (>50% sun),28,41,72,66,63,67,19.4
A06,A,0,52,1,1,0,0,89,13,Mar,29,10:12:00 AM,612,65,0,Partly Cloudy (>50% sun),28,43,,,,,
A07,A,1,53,0,0,0,0,89,13,Mar,29,11:41:00 AM,701,67,2,Partly Cloudy (>50% sun),28,45,69,69,70,69.3,20.7
A07,A,0,53,0,0,0,0,89,13,Mar,29,2:48:00 PM,888,70,0,Partly Cloudy (>50% sun),28,35,,,,,
A08,A,0,53,0,0,0,0,89,13,Mar,29,11:03:00 AM,663,69,0,Cloudy (some shadow cast),28,41,56,56,64,58.7,14.8
A08,A,1,53,0,0,0,0,89,13,Mar,29,2:17:00 PM,857,71,1,Full Sun,28,40,,,,,
A09,A,0,53,0,0,0,0,89,13,Mar,29,10:22:00 AM,622,65,0,Partly Cloudy (>50% sun),28,43,62,60,68,63.3,17.4
A09,A,0,53,0,0,0,0,89,13,Mar,29,2:20:00 PM,860,71,1,Full Sun,28,40,,,,,
A10,A,1,54,0,1,0,0,89,13,Mar,29,1:25:00 PM,805,74,0,Partly Cloudy (>50% sun),28,41,67,67,65,66.3,19.1
A10,A,2,54,0,1,0,0,89,13,Mar,29,11:00:00 AM,660,69,0,Cloudy (some shadow cast),28,41,,,,,
A11,A,1,54,0,1,0,0,89,13,Mar,29,1:41:00 PM,821,74,0,Partly Cloudy (>50% sun),28,41,68,69,67,68,20
A11,A,1,54,0,1,0,0,89,13,Mar,29,10:31:00 AM,631,65,0,Partly Cloudy (>50% sun),28,43,,,,,
A12,A,0,54,0,1,0,0,89,13,Mar,29,10:28:00 AM,628,65,0,Partly Cloudy (>50% sun),28,43,66,71,67,68,20
A12,A,0,54,0,1,0,0,89,13,Mar,29,2:38:00 PM,878,71,1,Full Sun,28,40,,,,,
A13,A,0,55,0,0,0,1,89,13,Mar,29,1:34:00 PM,814,74,0,Partly Cloudy (>50% sun),28,41,60,65,84,69.7,20.9
A13,A,0,55,0,0,0,1,89,13,Mar,29,11:16:00 AM,676,69,0,Cloudy (some shadow cast),28,41,,,,,
A14,A,1,55,0,0,0,1,89,13,Mar,29,1:50:00 PM,830,74,0,Partly Cloudy (>50% sun),28,41,73,71,68,70.7,21.5
A14,A,0,55,0,0,0,1,89,13,Mar,29,11:51:00 AM,711,67,2,Partly Cloudy (>50% sun),28,45,,,,,
A15,A,0,55,0,0,0,1,89,13,Mar,29,11:41:00 AM,701,67,2,Partly Cloudy (>50% sun),28,45,75,67,68,70,21.1
A15,A,0,55,0,0,0,1,89,13,Mar,29,3:08:00 PM,908,69,4,Partly Cloudy (>50% sun),28,36,,,,,
A16,A,3,56,0,0,1,0,89,13,Mar,29,1:42:00 PM,822,74,0,Partly Cloudy (>50% sun),28,41,69,70,68,69,20.6
A16,A,0,56,0,0,1,0,89,13,Mar,29,11:11:00 AM,671,69,0,Cloudy (some shadow cast),28,41,,,,,
A17,A,1,56,0,0,1,0,89,13,Mar,29,10:51:00 AM,651,65,0,Partly Cloudy (>50% sun),28,43,67,68,67,67.3,19.6
A17,A,2,56,0,0,1,0,89,13,Mar,29,2:51:00 PM,891,70,0,Partly Cloudy (>50% sun),28,35,,,,,
A18,A,3,56,0,0,1,0,89,13,Mar,29,1:33:00 PM,813,74,0,Partly Cloudy (>50% sun),28,41,70,66,67,67.7,19.8
A18,A,2,56,0,0,1,0,89,13,Mar,29,11:24:00 AM,684,69,0,Cloudy (some shadow cast),28,41,,,,,
A19,A,0,57,0,0,1,1,89,13,Mar,29,11:09:00 AM,669,69,0,Cloudy (some shadow cast),28,41,63,63,65,63.7,17.6
A19,A,0,57,0,0,1,1,89,13,Mar,29,2:11:00 PM,851,71,1,Full Sun,28,40,,,,,
A20,A,0,57,0,0,1,1,89,13,Mar,29,11:52:00 AM,712,67,2,Partly Cloudy (>50% sun),28,45,80,75,73,76,24.4
A20,A,0,57,0,0,1,1,89,13,Mar,29,2:28:00 PM,868,71,1,Full Sun,28,40,,,,,
A21,A,0,57,0,0,1,1,89,13,Mar,29,10:46:00 AM,646,65,0,Partly Cloudy (>50% sun),28,43,59,60,61,60,15.6
A21,A,5,57,0,0,1,1,89,13,Mar,29,2:07:00 PM,847,74,0,Partly Cloudy (>50% sun),28,41,,,,,
B01,B,0,51,1,0,0,0,94,14,Apr,3,12:07:00 PM,727,71,2,Full Sun,29,27,76,79,75,76.7,24.8
B01,B,1,51,1,0,0,0,94,14,Apr,3,2:59:00 PM,899,80,1,Partly Cloudy (>50% sun),29,27,,,,,
B02,B,1,51,1,0,0,0,94,14,Apr,3,1:59:00 PM,839,80,1,Full Sun,29,27,74,73,68,71.7,22.1
B02,B,1,51,1,0,0,0,94,14,Apr,3,12:07:00 PM,727,71,2,Full Sun,29,27,,,,,
B03,B,0,51,1,0,0,0,94,14,Apr,3,11:29:00 AM,689,70,0,Full Sun,29,36,72,72,74,72.7,22.6
B03,B,0,51,1,0,0,0,94,14,Apr,3,2:11:00 PM,851,74,3,Full Sun,29,30,,,,,
B04,B,0,52,1,1,0,0,94,14,Apr,3,1:35:00 PM,815,80,1,Full Sun,29,27,74,73,74,73.7,23.2
B04,B,0,52,1,1,0,0,94,14,Apr,3,10:59:00 AM,659,70,0,Full Sun,29,36,,,,,
B05,B,0,52,1,1,0,0,94,14,Apr,3,12:00:00 PM,720,71,2,Full Sun,29,27,77,74,73,74.7,23.7
B05,B,1,52,1,1,0,0,94,14,Apr,3,2:30:00 PM,870,74,3,Full Sun,29,30,,,,,
B06,B,0,52,1,1,0,0,94,14,Apr,3,11:05:00 AM,665,70,0,Full Sun,29,36,74,75,78,75.7,24.3
B06,B,0,52,1,1,0,0,94,14,Apr,3,2:05:00 PM,845,80,1,Full Sun,29,27,,,,,
B07,B,1,53,0,0,0,0,94,14,Apr,3,11:31:00 AM,691,66,1,Full Sun,29,32,72,71,71,71.3,21.8
B07,B,0,53,0,0,0,0,94,14,Apr,3,3:13:00 PM,913,79,1,Partly Cloudy (>50% sun),29,30,,,,,
B08,B,1,53,0,0,0,0,94,14,Apr,3,1:38:00 PM,818,80,1,Full Sun,29,27,75,75,78,76,24.4
B08,B,0,53,0,0,0,0,94,14,Apr,3,11:46:00 AM,706,66,1,Full Sun,29,32,,,,,
B09,B,0,53,0,0,0,0,94,14,Apr,3,1:32:00 PM,812,80,1,Full Sun,29,27,67,68,68,67.7,19.8
B09,B,0,53,0,0,0,0,94,14,Apr,3,12:24:00 PM,744,71,2,Full Sun,29,27,,,,,
B10,B,0,54,0,1,0,0,94,14,Apr,3,1:45:00 PM,825,80,1,Full Sun,29,27,74,73,72,73,22.8
B10,B,0,54,0,1,0,0,94,14,Apr,3,11:53:00 AM,713,66,1,Full Sun,29,32,,,,,
B11,B,0,54,0,1,0,0,94,14,Apr,3,11:51:00 AM,711,66,1,Full Sun,29,32,76,75,72,74.3,23.5
B11,B,0,54,0,1,0,0,94,14,Apr,3,2:44:00 PM,884,80,1,Partly Cloudy (>50% sun),29,27,,,,,
B12,B,0,54,0,1,0,0,94,14,Apr,3,11:06:00 AM,666,70,0,Full Sun,29,36,80,77,79,78.7,25.9
B12,B,0,54,0,1,0,0,94,14,Apr,3,2:50:00 PM,890,80,1,Partly Cloudy (>50% sun),29,27,,,,,
B13,B,0,55,0,0,0,1,94,14,Apr,3,10:57:00 AM,657,70,0,Full Sun,29,36,72,71,73,72,22.2
B13,B,1,55,0,0,0,1,94,14,Apr,3,2:57:00 PM,897,80,1,Partly Cloudy (>50% sun),29,27,,,,,
B14,B,0,55,0,0,0,1,94,14,Apr,3,11:41:00 AM,701,66,1,Full Sun,29,32,76,76,68,73.3,22.9
B14,B,2,55,0,0,0,1,94,14,Apr,3,2:52:00 PM,892,80,1,Partly Cloudy (>50% sun),29,27,,,,,
B15,B,0,55,0,0,0,1,94,14,Apr,3,12:00:00 PM,720,71,2,Full Sun,29,27,72,73,74,73,22.8
B15,B,0,55,0,0,0,1,94,14,Apr,3,2:23:00 PM,863,74,3,Full Sun,29,30,,,,,
B16,B,2,56,0,0,1,0,94,14,Apr,3,12:14:00 PM,734,71,2,Full Sun,29,27,73,76,75,74.7,23.7
B16,B,2,56,0,0,1,0,94,14,Apr,3,2:39:00 PM,879,74,3,Full Sun,29,30,,,,,
B17,B,0,56,0,0,1,0,94,14,Apr,3,11:13:00 AM,673,70,0,Full Sun,29,36,73,74,74,73.7,23.2
B17,B,3,56,0,0,1,0,94,14,Apr,3,2:13:00 PM,853,74,3,Full Sun,29,30,,,,,
B18,B,0,56,0,0,1,0,94,14,Apr,3,11:38:00 AM,698,66,1,Full Sun,29,32,76,74,74,74.7,23.7
B18,B,2,56,0,0,1,0,94,14,Apr,3,2:17:00 PM,857,74,3,Full Sun,29,30,,,,,
B19,B,0,57,0,0,1,1,94,14,Apr,3,11:11:00 AM,671,70,0,Full Sun,29,36,79,78,78,78.3,25.7
B19,B,1,57,0,0,1,1,94,14,Apr,3,2:33:00 PM,873,74,3,Full Sun,29,30,,,,,
B20,B,2,57,0,0,1,1,94,14,Apr,3,1:48:00 PM,828,80,1,Full Sun,29,27,78,77,78,77.7,25.4
B20,B,0,57,0,0,1,1,94,14,Apr,3,11:21:00 AM,681,70,0,Full Sun,29,36,,,,,
B21,B,1,57,0,0,1,1,94,14,Apr,3,1:51:00 PM,831,80,1,Full Sun,29,27,77,76,74,75.7,24.3
B21,B,0,57,0,0,1,1,94,14,Apr,3,11:19:00 AM,679,70,0,Full Sun,29,36,,,,,
A01,A,0,51,1,0,0,0,109,16,Apr,18,11:59:00 AM,719,77,0,Full Sun,28,32,78,67,67,70.7,21.5
A01,A,0,51,1,0,0,0,109,16,Apr,18,2:57:00 PM,897,73,1,Full Sun,28,38,,,,,
A01,A,0,51,1,0,0,0,109,16,Apr,18,3:15:00 PM,915,73,1,Full Sun,28,38,,,,,
A02,A,0,51,1,0,0,0,109,16,Apr,18,10:50:00 AM,650,73,0,Full Sun,28,29,69,69,69,69,20.6
A02,A,0,51,1,0,0,0,109,16,Apr,18,11:05:00 AM,665,73,0,Full Sun,28,29,,,,,
A02,A,0,51,1,0,0,0,109,16,Apr,18,3:22:00 PM,922,74,1,Partly Cloudy (>50% sun),28,37,,,,,
A03,A,0,51,1,0,0,0,109,16,Apr,18,11:35:00 AM,695,68,2,Full Sun,28,35,75,74,74,74.3,23.5
A03,A,0,51,1,0,0,0,109,16,Apr,18,2:25:00 PM,865,74,3,Full Sun,28,39,,,,,
A03,A,0,51,1,0,0,0,109,16,Apr,18,2:36:00 PM,876,74,3,Full Sun,28,39,,,,,
A04,A,0,52,1,1,0,0,109,16,Apr,18,12:10:00 PM,730,77,0,Full Sun,28,32,73,75,70,72.7,22.6
A04,A,0,52,1,1,0,0,109,16,Apr,18,2:18:00 PM,858,74,3,Full Sun,28,39,,,,,
A04,A,0,52,1,1,0,0,109,16,Apr,18,2:50:00 PM,890,73,1,Full Sun,28,38,,,,,
A05,A,0,52,1,1,0,0,109,16,Apr,18,10:40:00 AM,640,73,0,Full Sun,28,29,78,78,71,75.7,24.3
A05,A,0,52,1,1,0,0,109,16,Apr,18,2:16:00 PM,856,74,3,Full Sun,28,39,,,,,
A05,A,0,52,1,1,0,0,109,16,Apr,18,3:06:00 PM,906,73,1,Full Sun,28,38,,,,,
A06,A,1,52,1,1,0,0,109,16,Apr,18,10:54:00 AM,654,73,0,Full Sun,28,29,69,72,70,70.3,21.3
A06,A,0,52,1,1,0,0,109,16,Apr,18,11:42:00 AM,702,68,2,Full Sun,28,35,,,,,
A06,A,0,52,1,1,0,0,109,16,Apr,18,2:50:00 PM,890,73,1,Full Sun,28,38,,,,,
A07,A,0,53,0,0,0,0,109,16,Apr,18,10:42:00 AM,642,73,0,Full Sun,28,29,70,66,72,69.3,20.7
A07,A,0,53,0,0,0,0,109,16,Apr,18,11:43:00 AM,703,68,2,Full Sun,28,35,,,,,
A07,A,0,53,0,0,0,0,109,16,Apr,18,2:35:00 PM,875,74,3,Full Sun,28,39,,,,,
A08,A,1,53,0,0,0,0,109,16,Apr,18,10:36:00 AM,636,73,0,Full Sun,28,29,76,71,70,72.3,22.4
A08,A,0,53,0,0,0,0,109,16,Apr,18,2:23:00 PM,863,74,3,Full Sun,28,39,,,,,
A08,A,0,53,0,0,0,0,109,16,Apr,18,2:59:00 PM,899,73,1,Full Sun,28,38,,,,,
A09,A,1,53,0,0,0,0,109,16,Apr,18,10:59:00 AM,659,73,0,Full Sun,28,29,73,73,73,73,22.8
A09,A,0,53,0,0,0,0,109,16,Apr,18,11:31:00 AM,691,68,2,Full Sun,28,35,,,,,
A09,A,0,53,0,0,0,0,109,16,Apr,18,3:06:00 PM,906,73,1,Full Sun,28,38,,,,,
A10,A,0,54,0,1,0,0,109,16,Apr,18,11:20:00 AM,680,68,2,Full Sun,28,35,68,74,68,70,21.1
A10,A,0,54,0,1,0,0,109,16,Apr,18,2:51:00 PM,891,73,1,Full Sun,28,38,,,,,
A10,A,0,54,0,1,0,0,109,16,Apr,18,3:27:00 PM,927,74,1,Partly Cloudy (>50% sun),28,37,,,,,
A11,A,1,54,0,1,0,0,109,16,Apr,18,11:15:00 AM,675,73,0,Full Sun,28,29,71,71,69,70.3,21.3
A11,A,0,54,0,1,0,0,109,16,Apr,18,11:50:00 AM,710,68,2,Full Sun,28,35,,,,,
A11,A,0,54,0,1,0,0,109,16,Apr,18,3:18:00 PM,918,74,1,Partly Cloudy (>50% sun),28,37,,,,,
A12,A,0,54,0,1,0,0,109,16,Apr,18,11:28:00 AM,688,68,2,Full Sun,28,35,71,70,71,70.7,21.5
A12,A,0,54,0,1,0,0,109,16,Apr,18,2:27:00 PM,867,74,3,Full Sun,28,39,,,,,
A12,A,0,54,0,1,0,0,109,16,Apr,18,3:07:00 PM,907,73,1,Full Sun,28,38,,,,,
A13,A,0,55,0,0,0,1,109,16,Apr,18,11:00:00 AM,660,73,0,Full Sun,28,29,72,72,71,71.7,22.1
A13,A,0,55,0,0,0,1,109,16,Apr,18,11:45:00 AM,705,68,2,Full Sun,28,35,,,,,
A13,A,0,55,0,0,0,1,109,16,Apr,18,2:09:00 PM,849,74,3,Full Sun,28,39,,,,,
A14,A,1,55,0,0,0,1,109,16,Apr,18,10:35:00 AM,635,73,0,Full Sun,28,29,74,74,74,74,23.3
A14,A,0,55,0,0,0,1,109,16,Apr,18,12:04:00 PM,724,77,0,Full Sun,28,32,,,,,
A14,A,0,55,0,0,0,1,109,16,Apr,18,2:43:00 PM,883,74,3,Full Sun,28,39,,,,,
A15,A,0,55,0,0,0,1,109,16,Apr,18,11:24:00 AM,684,68,2,Full Sun,28,35,78,68,75,73.7,23.2
A15,A,0,55,0,0,0,1,109,16,Apr,18,3:21:00 PM,921,74,1,Partly Cloudy (>50% sun),28,37,,,,,
A15,A,0,55,0,0,0,1,109,16,Apr,18,3:34:00 PM,934,74,1,Partly Cloudy (>50% sun),28,37,,,,,
A16,A,0,56,0,0,1,0,109,16,Apr,18,10:46:00 AM,646,73,0,Full Sun,28,29,71,74,75,73.3,22.9
A16,A,0,56,0,0,1,0,109,16,Apr,18,2:10:00 PM,850,74,3,Full Sun,28,39,,,,,
A16,A,0,56,0,0,1,0,109,16,Apr,18,3:15:00 PM,915,73,1,Full Sun,28,38,,,,,
A17,A,3,56,0,0,1,0,109,16,Apr,18,11:37:00 AM,697,68,2,Full Sun,28,35,66,66,68,66.7,19.3
A17,A,2,56,0,0,1,0,109,16,Apr,18,11:56:00 AM,716,77,0,Full Sun,28,32,,,,,
A17,A,5,56,0,0,1,0,109,16,Apr,18,3:30:00 PM,930,74,1,Partly Cloudy (>50% sun),28,37,,,,,
A18,A,0,56,0,0,1,0,109,16,Apr,18,11:22:00 AM,682,68,2,Full Sun,28,35,69,73,72,71.3,21.8
A18,A,0,56,0,0,1,0,109,16,Apr,18,11:52:00 AM,712,68,2,Full Sun,28,35,,,,,
A18,A,4,56,0,0,1,0,109,16,Apr,18,2:17:00 PM,857,74,3,Full Sun,28,39,,,,,
A19,A,0,57,0,0,1,1,109,16,Apr,18,10:51:00 AM,651,73,0,Full Sun,28,29,73,72,70,71.7,22.1
A19,A,0,57,0,0,1,1,109,16,Apr,18,2:41:00 PM,881,74,3,Full Sun,28,39,,,,,
A19,A,0,57,0,0,1,1,109,16,Apr,18,3:28:00 PM,928,74,1,Partly Cloudy (>50% sun),28,37,,,,,
A20,A,0,57,0,0,1,1,109,16,Apr,18,11:56:00 AM,716,77,0,Full Sun,28,32,80,82,97,86.3,30.2
A20,A,0,57,0,0,1,1,109,16,Apr,18,2:43:00 PM,883,74,3,Full Sun,28,39,,,,,
A20,A,0,57,0,0,1,1,109,16,Apr,18,2:57:00 PM,897,73,1,Full Sun,28,38,,,,,
A21,A,1,57,0,0,1,1,109,16,Apr,18,11:06:00 AM,666,73,0,Full Sun,28,29,75,71,68,71.3,21.8
A21,A,0,57,0,0,1,1,109,16,Apr,18,11:12:00 AM,672,73,0,Full Sun,28,29,,,,,
A21,A,3,57,0,0,1,1,109,16,Apr,18,2:30:00 PM,870,74,3,Full Sun,28,39,,,,,
C01,C,0,51,1,0,0,0,110,16,Apr,19,11:41:00 AM,701,78,2,Full Sun,29,40,83,79,82,81.3,27.4
C01,C,0,51,1,0,0,0,110,16,Apr,19,2:39:00 PM,879,80,2,Full Sun,29,39,,,,,
C02,C,0,51,1,0,0,0,110,16,Apr,19,10:41:00 AM,641,73,1,Full Sun,29,47,80,79,80,79.7,26.5
C02,C,0,51,1,0,0,0,110,16,Apr,19,2:07:00 PM,847,84,1,Full Sun,28,39,,,,,
C03,C,0,51,1,0,0,0,110,16,Apr,19,1:54:00 PM,834,84,1,Full Sun,28,39,79,76,78,77.7,25.4
C03,C,1,51,1,0,0,0,110,16,Apr,19,10:35:00 AM,635,73,1,Full Sun,29,47,,,,,
C04,C,0,52,1,1,0,0,110,16,Apr,19,12:21:00 PM,741,76,3,Full Sun,28,42,81,77,77,78.3,25.7
C04,C,0,52,1,1,0,0,110,16,Apr,19,2:56:00 PM,896,80,2,Full Sun,28,43,,,,,
C05,C,0,52,1,1,0,0,110,16,Apr,19,11:09:00 AM,669,73,1,Full Sun,29,47,78,80,90,82.7,28.2
C05,C,2,52,1,1,0,0,110,16,Apr,19,2:24:00 PM,864,84,1,Full Sun,28,39,,,,,
C06,C,0,52,1,1,0,0,110,16,Apr,19,11:33:00 AM,693,78,2,Full Sun,29,40,75,72,73,73.3,22.9
C06,C,0,52,1,1,0,0,110,16,Apr,19,2:49:00 PM,889,80,2,Full Sun,29,39,,,,,
C07,C,0,53,0,0,0,0,110,16,Apr,19,11:17:00 AM,677,78,2,Full Sun,29,40,80,72,74,75.3,24.1
C07,C,0,53,0,0,0,0,110,16,Apr,19,3:11:00 PM,911,80,2,Full Sun,28,43,,,,,
C08,C,0,53,0,0,0,0,110,16,Apr,19,12:04:00 PM,724,81,1,Full Sun,29,40,75,77,75,75.7,24.3
C08,C,0,53,0,0,0,0,110,16,Apr,19,2:16:00 PM,856,84,1,Full Sun,28,39,,,,,
C09,C,0,53,0,0,0,0,110,16,Apr,19,11:57:00 AM,717,81,1,Full Sun,29,40,71,69,72,70.7,21.5
C09,C,0,53,0,0,0,0,110,16,Apr,19,3:12:00 PM,912,80,2,Full Sun,28,43,,,,,
C10,C,0,54,0,1,0,0,110,16,Apr,19,10:56:00 AM,656,73,1,Full Sun,29,47,78,75,76,76.3,24.6
C10,C,0,54,0,1,0,0,110,16,Apr,19,2:25:00 PM,865,80,2,Full Sun,29,39,,,,,
C11,C,0,54,0,1,0,0,110,16,Apr,19,10:53:00 AM,653,73,1,Full Sun,29,47,79,78,77,78,25.6
C11,C,0,54,0,1,0,0,110,16,Apr,19,2:33:00 PM,873,80,2,Full Sun,29,39,,,,,
C12,C,1,54,0,1,0,0,110,16,Apr,19,10:43:00 AM,643,73,1,Full Sun,29,47,88,87,82,85.7,29.8
C12,C,0,54,0,1,0,0,110,16,Apr,19,2:43:00 PM,883,80,2,Full Sun,29,39,,,,,
C13,C,0,55,0,0,0,1,110,16,Apr,19,11:05:00 AM,665,73,1,Full Sun,29,47,82,81,77,80,26.7
C13,C,0,55,0,0,0,1,110,16,Apr,19,3:05:00 PM,905,80,2,Full Sun,28,43,,,,,
C14,C,0,55,0,0,0,1,110,16,Apr,19,11:37:00 AM,697,78,2,Full Sun,29,40,83,82,82,82.3,27.9
C14,C,0,55,0,0,0,1,110,16,Apr,19,2:00:00 PM,840,84,1,Full Sun,28,39,,,,,
C15,C,1,55,0,0,0,1,110,16,Apr,19,12:14:00 PM,734,76,3,Full Sun,28,42,74,86,78,79.3,26.3
C15,C,0,55,0,0,0,1,110,16,Apr,19,2:57:00 PM,897,80,2,Full Sun,28,43,,,,,
C16,C,1,56,0,0,1,0,110,16,Apr,19,11:28:00 AM,688,78,2,Full Sun,29,40,79,75,76,76.7,24.8
C16,C,1,56,0,0,1,0,110,16,Apr,19,2:16:00 PM,856,84,1,Full Sun,28,39,,,,,
C17,C,1,56,0,0,1,0,110,16,Apr,19,11:49:00 AM,709,81,1,Full Sun,29,40,79,78,78,78.3,25.7
C17,C,5,56,0,0,1,0,110,16,Apr,19,2:10:00 PM,850,84,1,Full Sun,28,39,,,,,
C18,C,5,56,0,0,1,0,110,16,Apr,19,1:50:00 PM,830,84,1,Full Sun,28,39,77,74,75,75.3,24.1
C18,C,2,56,0,0,1,0,110,16,Apr,19,11:02:00 AM,662,73,1,Full Sun,29,47,,,,,
C19,C,0,57,0,0,1,1,110,16,Apr,19,11:16:00 AM,676,78,2,Full Sun,29,40,82,82,84,82.7,28.2
C19,C,2,57,0,0,1,1,110,16,Apr,19,2:00:00 PM,840,84,1,Full Sun,28,39,,,,,
C20,C,0,57,0,0,1,1,110,16,Apr,19,11:25:00 AM,685,78,2,Full Sun,29,40,84,86,87,85.7,29.8
C20,C,1,57,0,0,1,1,110,16,Apr,19,3:02:00 PM,902,80,2,Full Sun,28,43,,,,,
C21,C,0,57,0,0,1,1,110,16,Apr,19,11:47:00 AM,707,81,1,Full Sun,29,40,78,78,86,80.7,27.1
C21,C,2,57,0,0,1,1,110,16,Apr,19,2:32:00 PM,872,80,2,Full Sun,29,39,,,,,
B01,B,0,51,1,0,0,0,115,17,Apr,24,12:07:00 PM,727,73,0,Partly Cloudy (>50% sun),29,50,80,79,78,79,26.1
B01,B,0,51,1,0,0,0,115,17,Apr,24,2:47:00 PM,887,77,2,Partly Cloudy (>50% sun),29,42,,,,,
B02,B,7,51,1,0,0,0,115,17,Apr,24,12:37:00 PM,757,72,1,Partly Cloudy (>50% sun),29,49,79,78,79,78.7,25.9
B02,B,5,51,1,0,0,0,115,17,Apr,24,2:27:00 PM,867,79,2,Partly Cloudy (>50% sun),29,41,,,,,
B03,B,0,51,1,0,0,0,115,17,Apr,24,11:56:00 AM,716,73,0,Partly Cloudy (>50% sun),29,50,77,77,77,77,25
B03,B,0,51,1,0,0,0,115,17,Apr,24,2:28:00 PM,868,79,2,Partly Cloudy (>50% sun),29,41,,,,,
B04,B,1,52,1,1,0,0,115,17,Apr,24,11:51:00 AM,711,73,0,Partly Cloudy (>50% sun),29,50,74,74,74,74,23.3
B04,B,0,52,1,1,0,0,115,17,Apr,24,2:42:00 PM,882,79,2,Partly Cloudy (>50% sun),29,41,,,,,
B05,B,1,52,1,1,0,0,115,17,Apr,24,12:49:00 PM,769,76,1,Partly Cloudy (>50% sun),29,45,79,78,78,78.3,25.7
B05,B,0,52,1,1,0,0,115,17,Apr,24,2:57:00 PM,897,77,2,Partly Cloudy (>50% sun),29,42,,,,,
B06,B,0,52,1,1,0,0,115,17,Apr,24,12:15:00 PM,735,72,1,Partly Cloudy (>50% sun),29,49,81,79,77,79,26.1
B06,B,1,52,1,1,0,0,115,17,Apr,24,2:20:00 PM,860,79,2,Partly Cloudy (>50% sun),29,41,,,,,
B07,B,0,53,0,0,0,0,115,17,Apr,24,12:15:00 PM,735,72,1,Partly Cloudy (>50% sun),29,49,88,85,83,85.3,29.6
B07,B,0,53,0,0,0,0,115,17,Apr,24,2:21:00 PM,861,79,2,Partly Cloudy (>50% sun),29,41,,,,,
B08,B,1,53,0,0,0,0,115,17,Apr,24,12:03:00 PM,723,73,0,Partly Cloudy (>50% sun),29,50,86,87,86,86.3,30.2
B08,B,0,53,0,0,0,0,115,17,Apr,24,3:02:00 PM,902,77,2,Partly Cloudy (>50% sun),29,42,,,,,
B09,B,0,53,0,0,0,0,115,17,Apr,24,12:30:00 PM,750,72,1,Partly Cloudy (>50% sun),29,49,77,78,75,76.7,24.8
B09,B,0,53,0,0,0,0,115,17,Apr,24,2:35:00 PM,875,79,2,Partly Cloudy (>50% sun),29,41,,,,,
B10,B,1,54,0,1,0,0,115,17,Apr,24,12:44:00 PM,764,76,1,Partly Cloudy (>50% sun),29,45,83,80,79,80.7,27.1
B10,B,1,54,0,1,0,0,115,17,Apr,24,3:11:00 PM,911,77,2,Partly Cloudy (>50% sun),29,43,,,,,
B11,B,0,54,0,1,0,0,115,17,Apr,24,12:43:00 PM,763,76,1,Partly Cloudy (>50% sun),29,45,83,82,76,80.3,26.8
B11,B,0,54,0,1,0,0,115,17,Apr,24,3:14:00 PM,914,77,2,Partly Cloudy (>50% sun),29,43,,,,,
B12,B,1,54,0,1,0,0,115,17,Apr,24,12:22:00 PM,742,72,1,Partly Cloudy (>50% sun),29,49,81,82,80,81,27.2
B12,B,1,54,0,1,0,0,115,17,Apr,24,2:54:00 PM,894,77,2,Partly Cloudy (>50% sun),29,42,,,,,
B13,B,0,55,0,0,0,1,115,17,Apr,24,12:32:00 PM,752,72,1,Partly Cloudy (>50% sun),29,49,85,87,83,85,29.4
B13,B,0,55,0,0,0,1,115,17,Apr,24,2:49:00 PM,889,77,2,Partly Cloudy (>50% sun),29,42,,,,,
B14,B,0,55,0,0,0,1,115,17,Apr,24,12:00:00 PM,720,73,0,Partly Cloudy (>50% sun),29,50,76,79,82,79,26.1
B14,B,0,55,0,0,0,1,115,17,Apr,24,2:37:00 PM,877,79,2,Partly Cloudy (>50% sun),29,41,,,,,
B15,B,0,55,0,0,0,1,115,17,Apr,24,11:44:00 AM,704,73,0,Partly Cloudy (>50% sun),29,50,82,85,86,84.3,29.1
B15,B,0,55,0,0,0,1,115,17,Apr,24,2:06:00 PM,846,79,2,Partly Cloudy (>50% sun),29,41,,,,,
B16,B,0,56,0,0,1,0,115,17,Apr,24,11:47:00 AM,707,73,0,Partly Cloudy (>50% sun),29,50,82,84,80,82,27.8
B16,B,2,56,0,0,1,0,115,17,Apr,24,2:12:00 PM,852,79,2,Partly Cloudy (>50% sun),29,41,,,,,
B17,B,3,56,0,0,1,0,115,17,Apr,24,12:57:00 PM,777,76,1,Partly Cloudy (>50% sun),29,45,82,81,81,81.3,27.4
B17,B,4,56,0,0,1,0,115,17,Apr,24,14:11:00 PM,851,79,2,Partly Cloudy (>50% sun),29,45,,,,,
B18,B,0,56,0,0,1,0,115,17,Apr,24,11:33:00 AM,693,73,0,Partly Cloudy (>50% sun),29,50,82,83,85,83.3,28.5
B18,B,0,56,0,0,1,0,115,17,Apr,24,3:19:00 PM,919,77,2,Partly Cloudy (>50% sun),29,43,,,,,
B19,B,1,57,0,0,1,1,115,17,Apr,24,12:24:00 PM,744,72,1,Partly Cloudy (>50% sun),29,49,85,84,86,85,29.4
B19,B,8,57,0,0,1,1,115,17,Apr,24,3:04:00 PM,904,77,2,Partly Cloudy (>50% sun),29,42,,,,,
B20,B,0,57,0,0,1,1,115,17,Apr,24,11:38:00 AM,698,73,0,Partly Cloudy (>50% sun),29,50,88,89,90,89,31.7
B20,B,1,57,0,0,1,1,115,17,Apr,24,3:23:00 PM,923,77,2,Partly Cloudy (>50% sun),29,43,,,,,
B21,B,1,57,0,0,1,1,115,17,Apr,24,1:06:00 PM,786,76,1,Partly Cloudy (>50% sun),29,45,88,84,87,86.3,30.2
B21,B,5,57,0,0,1,1,115,17,Apr,24,3:30:00 PM,930,77,2,Partly Cloudy (>50% sun),29,43,,,,,
C01,C,1,51,1,0,0,0,119,17,Apr,28,1:54:00 PM,834,78,2,Full Sun,29,29,75,72,76,74.3,23.5
C01,C,0,51,1,0,0,0,119,17,Apr,28,10:42:00 AM,642,66,2,Full Sun,28,44,,,,,
C02,C,0,51,1,0,0,0,119,17,Apr,28,1:42:00 PM,822,75,3,Full Sun,28,33,74,73,73,73.3,22.9
C02,C,0,51,1,0,0,0,119,17,Apr,28,11:16:00 AM,676,73,2,Full Sun,28,36,,,,,
C03,C,3,51,1,0,0,0,119,17,Apr,28,1:38:00 PM,818,75,3,Full Sun,29,33,85,84,78,82.3,27.9
C03,C,1,51,1,0,0,0,119,17,Apr,28,10:33:00 AM,633,66,2,Full Sun,29,44,,,,,
C04,C,0,52,1,1,0,0,119,17,Apr,28,1:29:00 PM,809,75,3,Full Sun,28,33,79,81,73,77.7,25.4
C04,C,0,52,1,1,0,0,119,17,Apr,28,11:28:00 AM,688,73,2,Full Sun,28,36,,,,,
C05,C,1,52,1,1,0,0,119,17,Apr,28,11:03:00 AM,663,73,2,Full Sun,29,36,77,75,86,79.3,26.3
C05,C,0,52,1,1,0,0,119,17,Apr,28,2:31:00 PM,871,78,2,Full Sun,28,29,,,,,
C06,C,0,52,1,1,0,0,119,17,Apr,28,10:23:00 AM,623,66,2,Full Sun,28,44,76,69,71,72,22.2
C06,C,0,52,1,1,0,0,119,17,Apr,28,2:17:00 PM,857,78,2,Full Sun,28,29,,,,,
C07,C,1,53,0,0,0,0,119,17,Apr,28,10:56:00 AM,656,66,2,Full Sun,29,44,75,73,76,74.7,23.7
C07,C,0,53,0,0,0,0,119,17,Apr,28,2:25:00 PM,865,78,2,Full Sun,28,29,,,,,
C08,C,0,53,0,0,0,0,119,17,Apr,28,1:53:00 PM,833,78,2,Full Sun,28,29,70,73,74,72.3,22.4
C08,C,0,53,0,0,0,0,119,17,Apr,28,11:41:00 AM,701,72,2,Full Sun,28,34,,,,,
C09,C,0,53,0,0,0,0,119,17,Apr,28,11:35:00 AM,695,72,2,Full Sun,28,34,81,77,75,77.7,25.4
C09,C,0,53,0,0,0,0,119,17,Apr,28,2:03:00 PM,843,78,2,Full Sun,28,29,,,,,
C10,C,0,54,0,1,0,0,119,17,Apr,28,1:13:00 PM,793,75,3,Full Sun,28,33,70,71,69,70,21.1
C10,C,0,54,0,1,0,0,119,17,Apr,28,10:25:00 AM,625,66,2,Full Sun,28,44,,,,,
C11,C,0,54,0,1,0,0,119,17,Apr,28,1:20:00 PM,800,75,3,Full Sun,28,33,76,76,77,76.3,24.6
C11,C,0,54,0,1,0,0,119,17,Apr,28,11:23:00 AM,683,73,2,Full Sun,28,36,,,,,
C12,C,2,54,0,1,0,0,119,17,Apr,28,10:50:00 AM,650,66,2,Full Sun,28,44,85,82,81,82.7,28.2
C12,C,0,54,0,1,0,0,119,17,Apr,28,2:40:00 PM,880,79,2,Full Sun,28,27,,,,,
C13,C,0,55,0,0,0,1,119,17,Apr,28,1:35:00 PM,815,75,3,Full Sun,28,33,74,73,72,73,22.8
C13,C,0,55,0,0,0,1,119,17,Apr,28,11:02:00 AM,662,73,2,Full Sun,28,36,,,,,
C14,C,0,55,0,0,0,1,119,17,Apr,28,11:09:00 AM,669,73,2,Full Sun,28,36,83,87,85,85,29.4
C14,C,0,55,0,0,0,1,119,17,Apr,28,2:48:00 PM,888,79,2,Full Sun,28,27,,,,,
C15,C,0,55,0,0,0,1,119,17,Apr,28,1:21:00 PM,801,75,3,Full Sun,28,33,83,78,79,80,26.7
C15,C,0,55,0,0,0,1,119,17,Apr,28,10:41:00 AM,641,66,2,Full Sun,28,44,,,,,
C16,C,1,56,0,0,1,0,119,17,Apr,28,11:50:00 AM,710,72,2,Full Sun,28,34,74,82,78,78,25.6
C16,C,11,56,0,0,1,0,119,17,Apr,28,2:02:00 PM,842,78,2,Full Sun,28,29,,,,,
C17,C,14,56,0,0,1,0,119,17,Apr,28,1:27:00 PM,807,75,3,Full Sun,28,33,73,73,71,72.3,22.4
C17,C,1,56,0,0,1,0,119,17,Apr,28,11:21:00 AM,681,73,2,Full Sun,29,36,,,,,
C18,C,1,56,0,0,1,0,119,17,Apr,28,11:35:00 AM,695,72,2,Full Sun,29,34,80,81,79,80,26.7
C18,C,7,56,0,0,1,0,119,17,Apr,28,2:10:00 PM,850,78,2,Full Sun,29,29,,,,,
C19,C,3,57,0,0,1,1,119,17,Apr,28,11:12:00 AM,672,73,2,Full Sun,29,36,82,83,82,82.3,27.9
C19,C,22,57,0,0,1,1,119,17,Apr,28,2:29:00 PM,869,78,2,Full Sun,28,29,,,,,
C20,C,4,57,0,0,1,1,119,17,Apr,28,1:47:00 PM,827,75,3,Full Sun,29,33,79,78,78,78.3,25.7
C20,C,0,57,0,0,1,1,119,17,Apr,28,10:33:00 AM,633,66,2,Full Sun,28,44,,,,,
C21,C,0,57,0,0,1,1,119,17,Apr,28,10:50:00 AM,650,66,2,Full Sun,28,44,77,77,76,76.7,24.8
C21,C,8,57,0,0,1,1,119,17,Apr,28,2:10:00 PM,850,78,2,Full Sun,28,29,,,,,